id,hip,hd,hr,gl,bf,proper,ra,dec,dist,pmra,pmdec,rv,mag,absmag,spect,ci,x,y,z,vx,vy,vz,rarad,decrad,pmrarad,pmdecrad,bayer,flam,con,comp,comp_primary,base,lum,var,var_min,var_max
0,,,,,,Sol,0,0,0,0,0,0,-26.7,4.85,G2V,0.656,0.000005,0,0,0,0,0,0,0,0,0,,,,1,0,,1,,,
1,1,224700,,,,,0.00006,1.089009,219.7802,-5.2,-1.88,0,9.1,2.39,F5,0.482,219.740502,0.003449,4.177065,0.00000004,-0.00000554,-0.000002,1.56934E-05,0.019006788,-2.52103E-08,-9.1145E-09,,,Psc,1,1,,9.638290236,,,
2,2,224690,,,,,0.000283,-19.49884,47.9616,181.21,-0.93,0,9.27,5.866,K3V,0.999,45.210918,0.003365,-16.008996,-0.00000007,0.00004213,-0.0000002,7.39611E-05,-0.340318952,8.78531E-07,-4.50877E-09,,,Cet,1,2,,0.392283463,,,
3,3,224699,,,,,0.000335,38.859279,442.4779,5.24,-2.91,0,6.61,-1.619,B9,-0.019,344.552785,0.030213,277.614965,0.00000392,0.00001124,-0.00000486,8.76263E-05,0.678222363,2.54042E-08,-1.41081E-08,,,And,1,3,,386.9011317,,,
4,4,224707,,,,,0.000569,-51.893546,134.2282,62.85,0.16,0,8.06,2.421,F0V,0.37,82.835513,0.012476,-105.61954,0.00000008,0.0000409,0.00000006,0.000148954,-0.905713232,3.04705E-07,7.75701E-10,,,Phe,1,4,,9.36698878,,,
5,5,224705,,,,,0.000665,-40.591202,257.732,2.53,9.07,0,8.55,1.494,G8III,0.902,195.714261,0.034068,-167.695291,0.00000737,0.00000316,0.00000861,0.000174033,-0.708450127,1.22658E-08,4.39726E-08,,,Phe,1,5,,21.99885109,,,
6,6,,,,,,0.001246,3.946458,55.0358,226.29,-12.84,0,12.31,8.607,M0V:,1.336,54.905296,0.017912,3.787796,0.00000022,0.00006037,-0.00000342,0.000326224,0.06887868,1.09708E-06,-6.22501E-08,,,,1,6,,0.031419553,,12.462,12.162
7,7,,,,,,0.00147,20.036114,57.8704,-208.12,-200.79,0,9.64,5.828,G0,0.74,54.367897,0.020886,19.827115,0.00001932,-0.00005838,-0.00005292,0.000384723,0.34969616,-1.00899E-06,-9.73457E-07,,,Peg,1,7,,0.406256198,,,
8,8,224709,,,,,0.001823,25.886461,200.8032,19.09,-5.66,-31,9.05,2.536,M6e-M8.5e Tc,1.102,180.654532,0.086213,87.668389,-0.00002613,0.00001857,-0.0000188,0.000477138,0.45180397,9.25509E-08,-2.74405E-08,,,Peg,1,8,,8.425583753,Z,11.748,7.648
9,9,224708,,,,,0.002355,36.585958,420.1681,-6.3,8.42,0,8.59,0.473,G5,1.067,337.379614,0.207994,250.431996,-0.00001021,-0.00001284,0.00001377,0.000616563,0.63854543,-3.05433E-08,4.08213E-08,,,And,1,9,,56.33781509,,,
10,10,224717,,,,,0.002424,-50.866976,92.3361,42.23,40.02,0,8.59,3.763,F6V,0.489,58.275424,0.037038,-71.623522,0.00001388,0.00001891,0.00001131,0.000634526,-0.887796216,2.04737E-07,1.94022E-07,,,Phe,1,10,,2.721447746,,,
11,11,224720,,,,,0.002488,46.939997,239.2344,11.09,-2.02,-25.8,7.34,0.446,A2,0.081,163.34042,0.106439,174.793831,-0.00001631,0.00001285,-0.00002088,0.000651423,0.81925749,5.37658E-08,-9.79324E-09,,,And,1,11,,57.75638464,,,
12,12,224715,,,,,0.002727,-35.960225,307.6923,-5.99,-0.1,0,8.43,0.989,K4III,1.484,249.053728,0.177782,-180.684145,-0.00000008,-0.00000893,-0.00000012,0.00071389,-0.627624326,-2.90403E-08,-4.84813E-10,,,Scl,1,12,,35.02676269,,,
13,13,224728,,,,,0.00278,-22.594705,100000,8.45,-10.07,0,8.8,-11.2,K0III,1.128,92324.54832,67.196978,-38421.00027,-0.00187856,0.00409495,-0.00450696,0.000727804,-0.394351996,4.09668E-08,-4.88207E-08,,,Cet,1,13,,2630267.992,,,
14,14,224726,,,,,0.003228,-0.36045,205.7613,61.75,-11.67,0,7.25,0.683,K0,1.2,205.757155,0.17389,-1.294442,-0.00000013,0.00006159,-0.00001164,0.000845121,-0.006291031,2.99372E-07,-5.65778E-08,,,Psc,1,14,,46.43014073,,,
15,15,236267,,,,,0.003356,50.791187,523.5602,13.88,5.47,0,8.6,0.005,K2,1.166,330.967664,0.290916,405.679189,-0.00001079,0.00003522,0.00000878,0.000878643,0.886473445,6.72921E-08,2.65193E-08,,,Cas,1,15,,86.69618758,,,
16,17,224732,,,,,0.003401,-40.192392,136.4256,-34.46,-26.37,0,8.15,2.476,F3V,0.425,104.212982,0.092744,-88.043116,-0.00001123,-0.0000228,-0.00001332,0.000890391,-0.701489583,-1.67067E-07,-1.27845E-07,,,Phe,1,16,,8.904304436,,,
17,16,,,,,,0.003469,-54.914363,751.8797,257.39,-96.63,0,11.71,2.329,,0.421,432.180376,0.395981,-615.258522,-0.00028905,0.0009379,-0.00020245,0.000908165,-0.95843644,1.24786E-06,-4.68475E-07,,,Phe,1,17,,10.19529978,,11.823,11.543
18,18,,,,,,0.003522,-4.05368,44.8229,-127.22,23.78,0,11.03,7.773,K5,1.567,44.710745,0.041225,-3.168578,0.00000039,-0.00002764,0.00000515,0.000922056,-0.070750068,-6.1678E-07,1.15289E-07,,,Psc,1,18,,0.067732951,,11.088,10.948
19,19,224721,,,,,0.003554,38.30405,249.3766,-2.5,-15.07,16,6.53,-0.454,G5,0.955,195.693966,0.182078,154.572309,0.00002414,-0.000003,-0.00000415,0.000930449,0.668531784,-1.21203E-08,-7.30614E-08,,,And,1,19,,132.3122333,,,
20,20,224723,,,,,0.004203,23.529228,96.6184,36,-22.98,0,8.51,3.585,G0,0.516,88.585158,0.097476,38.571692,0.00000428,0.00001687,-0.00000987,0.00110022,0.4106625,1.74533E-07,-1.1141E-07,,,Peg,1,20,,3.206269325,,,
21,21,224724,,,,,0.004426,8.007234,189.3939,61.89,-0.22,0,7.55,1.163,K2,1.438,187.547277,0.217307,26.382215,-0.00000004,0.00005682,-0.0000002,0.001158655,0.139752594,3.00051E-07,-1.06659E-09,,,Psc,1,21,,29.84008116,,,
22,22,224735,,,,,0.004674,-49.352266,318.4713,-7.9,0.46,0,8.69,1.175,G8/K0III/IV,0.962,207.454138,0.253838,-241.63337,0.00000055,-0.0000122,0.00000046,0.001223765,-0.861359529,-3.83003E-08,2.23014E-09,,,Phe,1,22,,29.51209227,,,
23,23,224742,,,,,0.004971,13.312234,86.2813,54.15,9.65,0,7.57,2.89,F2V,0.456,83.962827,0.109269,19.866919,-0.00000096,0.00002265,0.00000393,0.001301332,0.232342318,2.62527E-07,4.67845E-08,,,Peg,1,23,,6.081350013,,,
24,24,224746,,,,,0.005091,-23.452695,105.4852,127.15,22.22,0,9.05,3.934,G0V,0.528,96.770874,0.129015,-41.982243,0.00000444,0.00006503,0.00001042,0.001332711,-0.409326747,6.16441E-07,1.07726E-07,,,Cet,1,24,,2.324877102,,,
25,25,224750,9077,,,,0.0053,-44.290561,81.367,58.36,-108.64,3,6.28,1.728,G3IV,0.763,58.243094,0.080879,-56.818381,-0.00002776,0.00002298,-0.00003282,0.001387661,-0.773016124,2.82937E-07,-5.26702E-07,,,Phe,1,25,,17.73372625,,,
26,26,224744,,,,,0.005606,-13.393378,100.8065,-103.33,-33.35,0,9.13,4.113,F7V,0.535,98.064726,0.14392,-23.350361,-0.0000037,-0.0000505,-0.00001585,0.001467728,-0.233758542,-5.00958E-07,-1.61685E-07,,,Cet,1,26,,1.971514611,,,
27,27,224748,,,,,0.00572,-41.297813,107.6426,135.96,-113.67,0,9.32,4.16,G5V,0.671,80.870646,0.121258,-71.041209,-0.00003925,0.00007089,-0.00004456,0.001497495,-0.720782814,6.59153E-07,-5.51088E-07,,,Phe,1,27,,1.887991349,,,
28,28,224749,,,,,0.005815,-43.361821,198.0198,-10.96,-8.69,0,8.83,2.346,F3/F5V,0.468,143.966634,0.219137,-135.961029,-0.00000571,-0.00001053,-0.00000606,0.001522312,-0.756806541,-5.31356E-08,-4.21303E-08,,,Phe,1,28,,10.03690931,,,
29,29,224751,,,,,0.006146,-49.107945,411.5226,26.86,4.05,0,9.14,1.068,G8III,1.041,269.397158,0.433657,-311.088145,0.00000602,0.00005359,0.00000529,0.001609129,-0.857095331,1.30221E-07,1.9635E-08,,,Phe,1,29,,32.56866822,,,
30,30,224757,,,,,0.006408,42.141474,244.4988,-8.44,-10.14,0,8.26,1.319,A0,0.142,181.293246,0.304102,164.049778,0.00000808,-0.00000999,-0.00000891,0.001677524,0.735507475,-4.09183E-08,-4.91601E-08,,,And,1,30,,25.84639636,,,
31,31,224760,,,,,0.006539,2.675477,306.7485,-4.88,-0.2,0,7.63,0.196,K2,1.453,306.413678,0.524535,14.318687,0.00000003,-0.00000726,-0.0000003,0.001711853,0.046695886,-2.36589E-08,-9.69627E-10,,,Psc,1,31,,72.71098032,,,
32,32,224756,,,,,0.006572,51.939487,330.033,-0.39,-1.38,0,9.09,1.497,B8,0.04,203.462862,0.350076,259.85481,0.00000174,-0.00000062,-0.00000136,0.001720594,0.90651506,-1.89077E-09,-6.69043E-09,,,Cas,1,32,,21.93814992,,,
33,33,224743,,,,,0.006611,-10.462385,113.7656,-3.62,28.71,0,8.1,2.82,F2,0.466,111.874004,0.19364,-20.658692,0.00000288,-0.00000199,0.00001557,0.001730876,-0.182603059,-1.75503E-08,1.3919E-07,,,Cet,1,33,,6.486344335,,,
34,34,224758,9078,,,,0.006638,26.918108,74.6269,42.2,-53.47,0,6.43,2.066,F7.5IV-V,0.514,66.54131,0.115654,33.784832,0.00000873,0.00001528,-0.00001725,0.001737862,0.469809617,2.04591E-07,-2.5923E-07,,,Peg,1,34,,12.98972629,,,
35,35,224745,,,,,0.006864,-14.490484,145.3488,162.25,-1.47,0,9.07,3.258,G8/K0III/IV,0.916,140.724913,0.2529,-36.369062,-0.00000046,0.00011432,-0.000001,0.001796899,-0.25290666,7.8661E-07,-7.12676E-09,,,Cet,1,35,,4.333112852,,,
36,36,224759,,,,,0.006893,12.267128,184.5018,49.71,14.27,0,7.68,1.35,K0,1.15,180.288895,0.325359,39.201059,-0.00000279,0.00004446,0.00001247,0.001804605,0.214101767,2.41001E-07,6.91829E-08,,,Peg,1,36,,25.11886432,,,
37,37,224764,,,,,0.007022,-47.179567,381.6794,-6.92,7.03,0,10.44,2.532,F0V,0.391,259.428169,0.476909,-279.957073,0.00000956,-0.00001279,0.00000884,0.001838443,-0.823438778,-3.35491E-08,3.40824E-08,,,Phe,1,37,,8.456682001,,10.516,10.346
38,38,224752,,,,,0.007429,-79.061983,42.3012,162.3,-62.4,0,8.65,5.518,G6V,0.778,8.026508,0.015848,-41.532715,-0.00001263,0.00003326,-0.00000243,0.001945017,-1.379891914,7.86853E-07,-3.02524E-07,,,Oct,1,38,,0.540505354,,,
39,39,224763,,,,,0.007485,-16.697009,92.5069,169.72,-32.54,10,7.46,2.629,F3V,0.475,88.606493,0.173657,-26.578231,0.00000545,0.00007612,-0.00001692,0.00195955,-0.291417786,8.22826E-07,-1.57758E-07,,,Cet,1,39,,7.73392578,,,
40,41,224768,,,,,0.007771,54.302236,364.9635,1.78,-0.47,0,8.7,0.889,A0,0.026,212.959233,0.433276,296.389159,0.00000067,0.00000315,-0.00000049,0.002034492,0.947752818,8.62968E-09,-2.27862E-09,,,Cas,1,40,,38.40608157,,,
41,40,,,,,,0.008131,67.216783,100000,-2.99,-3.18,0,10.61,-9.39,B...,0.57,38724.46552,82.422961,92197.66253,0.00142438,-0.00144644,-0.00059697,0.002128644,1.173154183,-1.44959E-08,-1.54171E-08,,,Cep,1,41,,496592.3215,V463,10.824,10.514
42,42,224771,,,,,0.008362,25.844765,163.3987,20.7,-6.51,0,8.2,2.134,F2,0.387,147.054957,0.321961,71.23111,0.00000221,0.0000164,-0.00000464,0.002189287,0.451076239,1.00356E-07,-3.15614E-08,,,Peg,1,42,,12.20112847,,,
43,43,224784,9079,,,,0.008593,59.559679,136.2398,-80.6,-24.07,-33,6.18,0.508,G9III-IV,1.032,69.024292,0.155048,117.45989,-0.00000327,-0.00005324,-0.00003715,0.002249608,1.039512505,-3.9076E-07,-1.16695E-07,,,Cas,1,43,,54.55065882,,,
44,44,224776,,,,,0.00885,-3.306323,335.5705,11.1,16.04,0,7.91,0.281,K2,1.104,335.01103,0.776192,-19.353759,0.00000146,0.00001806,0.00002605,0.002316911,-0.057706218,5.38143E-08,7.77641E-08,,,Psc,1,44,,67.23571072,,,
45,45,224766,,,,,0.008941,-72.202717,62.3053,-37.2,-2.78,0,9.59,5.617,G6/G8V:,,19.043572,0.044508,-59.32361,-0.00000077,-0.00001124,-0.00000026,0.00234073,-1.26017514,-1.80351E-07,-1.34778E-08,,,Tuc,1,45,,0.493400971,,,
46,46,224778,,,,,0.008972,-25.622285,833.3333,15.17,-13.39,0,8.57,-1.034,K1III,1.035,751.384895,1.76497,-360.363723,-0.00002354,0.00006123,-0.00004877,0.002348882,-0.44719324,7.35462E-08,-6.49166E-08,,,Scl,1,46,,225.7355711,,,
47,47,,,,,,0.009006,-56.835602,40.7498,-44.21,-145.9,0,10.78,7.729,K3V,1.15,22.291838,0.052522,-34.111837,-0.00002411,-0.00000879,-0.00001577,0.002357675,-0.991968391,-2.14336E-07,-7.07343E-07,,,Phe,1,47,,0.070534241,,10.849,10.669
48,48,224780,,,,,0.009015,-40.690474,671.1409,4.08,-11.28,0,7.31,-1.824,K0/K1III,1.164,508.8863,1.201131,-437.565308,-0.00002396,0.00001322,-0.00002783,0.002360252,-0.710182746,1.97804E-08,-5.4687E-08,,,Phe,1,48,,467.3045396,,,
49,49,,,,,,0.009304,16.669049,375.9398,26.66,6.95,0,9.53,1.654,F5,0.45,360.140834,0.877278,107.835722,-0.00000375,0.00004858,0.00001213,0.002435875,0.290929783,1.29251E-07,3.36946E-08,,,Peg,1,49,,18.98453657,,,
50,50,224782,,,,,0.009533,-53.097713,59.4177,52.98,-20.52,0,6.49,2.62,G1IV,0.616,35.677374,0.089097,-47.513999,-0.00000476,0.00001525,-0.00000355,0.002495807,-0.926729909,2.56854E-07,-9.94838E-08,,,Phe,1,50,,7.798301105,,,
51,51,224774,,,,,0.009561,1.066213,100000,10.19,6.33,0,8.94,-11.06,K0,0.906,99982.37269,250.263031,1860.784651,-0.00006946,0.00493966,0.00306807,0.002503066,0.018608921,4.94025E-08,3.06887E-08,,,Psc,1,51,,2312064.79,,,
52,52,224767,,,,,0.009781,-77.020116,209.6436,21.46,9.91,0,8.56,1.953,A4V,0.196,47.087672,0.12072,-204.286993,0.00000976,0.00002183,0.00000226,0.002560588,-1.34425462,1.04041E-07,4.8045E-08,,,Oct,1,52,,14.41451386,,,
53,53,,,,,,0.009828,-29.263414,100000,11.94,-12.96,0,10.96,-9.04,,,87237.87011,224.46559,-48882.54938,-0.00308599,0.00578025,-0.00548086,0.00257295,-0.510742923,5.78868E-08,-6.28319E-08,,,Scl,1,53,,359749.3352,,11.03,10.89
54,54,,,,,,0.01017,17.968908,50.2008,367.14,-19.49,0,10.57,7.066,M:,1.03,47.75204,0.127177,15.48699,0.00000123,0.00008935,-0.00000451,0.002662463,0.313616614,1.77994E-06,-9.44902E-08,,,Peg,1,54,,0.129897263,,,
55,55,224783,,,,,0.010549,-66.683173,64.9351,162.88,-28.82,0,7.4,3.338,G2IV/V,0.551,25.702202,0.07125,-59.631861,-0.00000847,0.00005125,-0.00000359,0.002761618,-1.16384093,7.89665E-07,-1.39723E-07,,,Tuc,1,55,,4.02531619,,,
56,56,224785,,,,,0.010862,0.222931,253.8071,39.02,-3.09,0,8.12,1.097,K0,1.329,253.804153,0.721721,0.987533,-0.00000012,0.00004801,-0.0000038,0.002843605,0.003890888,1.89174E-07,-1.49807E-08,,,Psc,1,56,,31.71027439,,,
57,57,224789,,,,,0.011212,-69.675965,29.8686,-40.97,-67.59,0,8.27,5.894,K2V,0.863,10.374188,0.030419,-28.00908,-0.00000916,-0.00000596,-0.0000034,0.002935397,-1.216074996,-1.98628E-07,-3.27686E-07,,,Tuc,1,57,,0.382296217,,,
58,58,224792,,,,,0.011577,62.175898,38.8048,-46.95,-43.9,16,7.05,4.106,G0,0.52,18.112462,0.054853,34.318498,0.00001497,-0.00000879,0.00001062,0.003030749,1.085174136,-2.2762E-07,-2.12833E-07,,,Cas,1,58,,1.984266498,,,
59,59,236270,,,,,0.01163,55.72246,100000,-0.27,-1.02,-26,9.09,-10.91,B5,0.091,56319.95614,171.475741,82631.91326,0.00039401,-0.00012969,-0.00030046,0.003044671,0.972540396,-1.309E-09,-4.9451E-09,,,Cas,1,59,,2013724.25,,9.155,9.035
60,60,224788,,,,,0.011695,-64.465799,172.117,1.75,10.74,0,8.34,2.161,F2IV,0.386,74.19065,0.227164,-155.306013,0.00000808,0.00000148,0.00000386,0.003061783,-1.125140446,8.48424E-09,5.2069E-08,,,Tuc,1,60,,11.90145339,,,
61,61,236269,,,,,0.011749,53.822146,178.8909,32.68,-16.7,0,8.86,2.597,K5,1.081,105.597675,0.324911,144.398682,0.0000116,0.00002838,-0.00000855,0.003075908,0.939373651,1.58437E-07,-8.09639E-08,,,Cas,1,61,,7.965260798,,,
62,62,224800,,,,,0.011998,-45.422739,308.642,4.02,-4.78,0,8.27,0.823,G8III,0.994,216.625621,0.680458,-219.847132,-0.00000511,0.000006,-0.00000502,0.003141085,-0.792776348,1.94895E-08,-2.31741E-08,,,Phe,1,62,,40.81313916,,,
63,63,224801,9080,,,,0.012119,45.253334,187.9699,17.38,0.22,-3,6.36,-0.01,B9p SiEu,-0.047,132.325125,0.419892,133.501154,-0.00000235,0.00001583,-0.00000204,0.003172863,0.789819667,8.42606E-08,1.06659E-09,,,And,1,63,,87.90225168,CG,6.382,6.322
64,64,224798,,,,,0.012305,-27.907582,243.9024,-5.93,-14.59,0,8.08,1.144,K2III,1.156,215.536337,0.69433,-114.157726,-0.00000805,-0.00000704,-0.00001524,0.00322143,-0.487079184,-2.87495E-08,-7.07343E-08,,,Scl,1,64,,30.36686788,,,
65,65,,,,,,0.012498,-54.830524,54.7046,-205.14,-75.34,0,11,7.31,,1.147,31.509513,0.102901,-44.718378,-0.00001615,-0.00005445,-0.00001151,0.003272084,-0.956973167,-9.94547E-07,-3.65259E-07,,,Phe,1,65,,0.103752842,,11.092,10.882
66,66,224790,,,,,0.012567,-72.31822,127.2265,-15.61,11.88,0,8.55,3.027,F2V,0.401,38.642308,0.12708,-121.21608,0.00000701,-0.0000096,0.00000223,0.00329014,-1.262191051,-7.56794E-08,5.75959E-08,,,Tuc,1,66,,5.360434578,,,
67,67,224806,,,,,0.013288,23.538219,150.3759,91.05,-12.35,0,7.83,1.944,F5,0.495,137.862871,0.479653,60.054225,0.00000336,0.00006639,-0.00000825,0.003478835,0.410819416,4.41423E-07,-5.98745E-08,,,Peg,1,67,,14.53449678,,,
68,68,224808,,,,,0.01336,16.988197,31.5856,-99.69,-315.9,-21.9,8.79,6.293,K0,0.94,30.206989,0.105644,9.228456,-0.00000723,-0.00001529,-0.0000528,0.003497534,0.296499974,-4.83311E-07,-1.53153E-06,,,Peg,1,68,,0.264728074,,,
69,69,224804,,,,,0.013427,30.39589,182.8154,16.48,-1.3,0,8.33,2.02,A0,0.135,157.686444,0.554335,92.499452,0.00000053,0.00001461,-0.00000099,0.003515298,0.530508353,7.98973E-08,-6.30258E-09,,,Peg,1,69,,13.55189412,,,
70,70,,,,,,0.013512,36.777637,168.3502,-46.78,-0.88,0,10.42,4.289,,0.706,134.841793,0.476944,100.793121,0.00000057,-0.00003818,-0.00000058,0.003537543,0.641890861,-2.26796E-07,-4.26636E-09,,,And,1,70,,1.676486266,,,
71,71,224803,,,,,0.013803,36.780106,136.9863,-24.5,-19.47,0,8.26,2.577,G5,0.846,109.716997,0.396439,82.019935,0.0000078,-0.00001624,-0.00001036,0.003613533,0.641933947,-1.18779E-07,-9.43932E-08,,,And,1,71,,8.113346052,,,
72,72,224810,,,,,0.014661,-12.828961,87.8735,185.34,-119.65,0,8.97,4.251,G3/G5V,0.671,85.679304,0.328884,-19.511553,-0.00001162,0.00007891,-0.0000497,0.003838332,-0.223907608,8.98554E-07,-5.8008E-07,,,Cet,1,72,,1.736200992,,,
73,73,224826,,,,,0.014694,66.848011,280.112,-20.78,18.19,-12,6.9,-0.337,K2,1.446,110.131222,0.423507,257.553115,-0.00002743,-0.00002832,-0.00000157,0.00384682,1.16671789,-1.00744E-07,8.81876E-08,,,Cep,1,73,,118.7955028,,,
74,74,,,,,,0.014817,35.752624,44.5236,157.73,-40.31,0,9.93,6.687,K5,1.068,36.132732,0.140219,26.014553,0.00000495,0.00003406,-0.00000706,0.003879101,0.624001007,7.64697E-07,-1.95428E-07,,,And,1,74,,0.18416199,,9.998,9.888
75,75,224821,,,,,0.014882,-50.446459,641.0256,29.01,2.56,0,7.42,-1.614,K4III,1.524,408.201365,1.590705,-494.249872,0.00000578,0.00009017,0.00000507,0.003896143,-0.8804568,1.40644E-07,1.24112E-08,,,Phe,1,75,,385.1234824,,,
76,76,,,,,,0.015214,32.825654,346.0208,-1.98,-8.45,0,9.03,1.334,M0,1.67,290.767266,1.158155,187.572518,0.0000077,-0.00000329,-0.00001191,0.003983096,0.57291574,-9.59931E-09,-4.09668E-08,,,And,1,76,,25.49177051,V401,9.079,8.979
77,77,224820,,,,,0.015371,-30.064166,208.7683,18.83,2.83,-1,8.41,1.812,A0V,0.022,180.680166,0.727112,-104.586559,0.00000047,0.00001906,0.00000299,0.00402416,-0.52471869,9.12904E-08,1.37202E-08,,,Scl,1,77,,16.41345467,,,
78,78,224816,,,,,0.015487,17.867851,709.2199,-0.51,3.68,0,8.06,-1.194,K0,1.203,675.006346,2.736898,217.604708,-0.00000387,-0.00000177,0.00001204,0.004054603,0.311852827,-2.47255E-09,1.78411E-08,,,Peg,1,78,,261.5772683,,,
79,79,,,,,,0.015718,35.31672,271.0027,16.45,-13.81,0,8.69,1.525,F5,0.529,221.127909,0.909944,156.665514,0.0000104,0.00002165,-0.0000148,0.004114836,0.616393049,7.97519E-08,-6.69528E-08,,,And,1,79,,21.3796209,,,
80,80,224817,,,,,0.016187,-11.823739,73.0994,419.04,-82.83,-7,8.4,4.08,G2V,0.566,71.547716,0.303237,-14.978171,-0.00001365,0.00014844,-0.00002726,0.004237843,-0.206363167,2.03156E-06,-4.01571E-07,,,Cet,1,80,,2.032357011,,,
81,81,224828,,,,,0.016228,-4.932534,43.7828,-184.7,-172.67,0.5,8.57,5.363,G5,0.642,43.620267,0.185316,-3.764562,-0.00000247,-0.00003921,-0.00003656,0.004248399,-0.086088965,-8.95451E-07,-8.37128E-07,,,Psc,1,81,,0.623447661,,,
82,82,,,,,,0.016534,-10.935963,100000,-6.01,-65.06,0,9.5,-10.5,G5,1.107,98183.06289,425.0085,-18971.17627,-0.00597061,-0.00293935,-0.0309665,0.004328713,-0.19086857,-2.91373E-08,-3.1542E-07,,,Cet,1,82,,1380384.265,,,
83,83,236274,,,,,0.016538,52.080562,543.4783,-2.1,-0.99,0,8.85,0.174,M0,1.726,333.993017,1.446094,428.736791,0.00000208,-0.00000552,-0.0000016,0.00432974,0.908977282,-1.01811E-08,-4.79966E-09,,,Cas,1,83,,74.19933278,,,
84,84,,,,,,0.016824,27.88633,47.7783,225.55,-5.46,0,9.61,6.214,K0,0.852,42.229742,0.186052,22.346816,0.00000036,0.00005224,-0.00000112,0.00440443,0.486708281,1.0935E-06,-2.64708E-08,,,Peg,1,84,,0.284708216,,,
85,85,,,,,,0.017075,-24.714048,304.878,48.48,0.49,0,10.62,3.199,A2,0.359,276.950145,1.238095,-127.466385,-0.00000002,0.00007165,0.00000066,0.004470226,-0.431341505,2.35038E-07,2.37559E-09,,,Cet,1,85,,4.575093773,,10.672,10.552
86,86,224836,,,,,0.017361,69.603505,272.4796,11.53,2.67,0,8.05,0.873,B9,0.018,94.962169,0.431695,255.396031,-0.00000337,0.00001521,0.00000123,0.004545022,1.214810327,5.5899E-08,1.29445E-08,,,Cep,1,86,,38.97624531,,,
87,87,224829,,,,,0.017433,-5.835002,340.1361,-7.83,-10.91,0,7.8,0.142,F5,0.43,338.370259,1.544324,-34.579615,-0.00000177,-0.00001292,-0.0000179,0.004563975,-0.10184,-3.79609E-08,-5.28932E-08,,,Psc,1,87,,76.4187624,,,
88,88,224834,9081,,Tau Phe,,0.017941,-48.809876,181.8182,-17.92,-6.75,8,5.71,-0.588,G8III,0.911,119.736878,0.562356,-136.823418,0.00000099,-0.00001579,-0.00001008,0.00469696,-0.851893035,-8.68786E-08,-3.27249E-08,Tau,,Phe,1,88,,149.6924857,,,
89,89,224837,,,,,0.018477,53.166943,581.3953,0.68,0.03,0,7.87,-0.952,K2,1.566,348.533968,1.685962,465.34044,-0.00000008,0.00000192,0.00000005,0.004837238,0.9279382,3.29673E-09,1.45444E-10,,,Cas,1,89,,209.3148303,,,
90,90,224842,,,,,0.018671,-41.887544,113.2503,25.1,-46.98,0,7.64,2.37,F5IV/V,0.5,84.308939,0.412135,-75.61391,-0.00001729,0.0000137,-0.0000192,0.004887982,-0.731075555,1.21688E-07,-2.27765E-07,,,Phe,1,90,,9.81747943,,,
91,91,224840,,,,,0.018702,-5.874348,301.2048,-15.41,-6.09,0,7.66,0.266,K0,1.3,299.619504,1.467004,-30.827462,-0.0000008,-0.00002251,-0.00000885,0.004896188,-0.102526708,-7.47098E-08,-2.95252E-08,,,Psc,1,91,,68.17105263,,,
92,92,224841,,,,,0.019379,-20.70555,404.8583,27.51,15.15,0,8.68,0.643,G8III,0.944,378.703543,1.921411,-143.143907,0.00001024,0.00005404,0.00002781,0.00507353,-0.361380014,1.33372E-07,7.34493E-08,,,Cet,1,92,,48.17259036,,,
93,93,224839,,,,,0.01949,-0.076098,61.1995,54.94,-73.28,0,8.12,4.186,F8V,0.619,61.198649,0.312274,-0.081283,-0.00000011,0.0000163,-0.00002174,0.005102575,-0.001328168,2.66357E-07,-3.55271E-07,,,Psc,1,93,,1.84331688,,,
94,94,,,,,,0.019665,-32.756836,90.7441,50.32,-12.69,0,10.1,5.311,G2,0.644,76.312459,0.392913,-49.099347,-0.00000313,0.00002212,-0.00000469,0.005148288,-0.571714649,2.43958E-07,-6.15229E-08,,,Scl,1,94,,0.654033509,,10.152,10.042
95,95,224847,,,,,0.020134,-11.964034,149.2537,-9.94,-13.75,0,8.67,2.8,F5V,0.513,146.009571,0.769644,-30.939939,-0.00000202,-0.0000072,-0.00000973,0.005271149,-0.208811777,-4.81905E-08,-6.66619E-08,,,Cet,1,95,,6.60693448,,,
96,96,,,,,,0.02033,13.975088,35.1494,20.59,139.82,0,10.46,7.73,M0,1.36,34.108524,0.181537,8.48858,-0.00000577,0.00000348,0.00002312,0.005322267,0.243911299,9.98231E-08,6.77866E-07,,,Peg,1,96,,0.070469307,,10.732,10.382
97,98,224851,,,,,0.020478,-52.798575,174.8252,-2.09,1.7,0,9.87,3.657,F6/F7V,0.551,105.701105,0.566682,-139.250874,0.00000116,-0.00000177,0.00000087,0.00536118,-0.92150898,-1.01326E-08,8.24183E-09,,,Phe,1,97,,3.000544002,,9.931,9.811
98,97,224849,,,,,0.020492,-21.404042,180.1802,18.34,1.21,0,9.48,3.201,F5V,0.53,167.750771,0.899961,-65.755407,0.0000003,0.00001602,0.00000098,0.005364759,-0.373571011,8.89148E-08,5.86625E-09,,,Cet,1,98,,4.566673896,,,
99,99,224855,,,,,0.021069,60.355282,877.193,9.57,-6.49,-34,7.04,-2.675,C5p,2.835,433.870743,2.393403,762.376203,0.00000656,0.00004073,-0.00004387,0.005515927,1.053398394,4.63967E-08,-3.14644E-08,,,Cas,1,99,,1023.292992,WZ,7.276,6.836
100,100,224844,,,,,0.021092,19.741243,184.1621,-29.13,-30.14,0,8.44,2.114,G0,0.898,173.335818,0.957136,62.20496,0.00000923,-0.00002596,-0.00002533,0.00552188,0.344549691,-1.41226E-07,-1.46123E-07,,,Peg,1,100,,12.42796438,,,
101,101,224864,,,,,0.021315,-47.793831,120.048,-14.29,-0.62,0,9.88,4.483,F5IV/V,0.509,80.647032,0.450014,-88.923428,-0.00000022,-0.00000832,-0.00000024,0.005580284,-0.834159719,-6.92799E-08,-3.00584E-09,,,Phe,1,101,,1.402167834,,9.948,9.788
102,102,224850,,,,,0.021365,-41.487437,284.9003,17.13,-33.61,0,7.05,-0.223,M1III,1.55,213.415758,1.193767,-188.733861,-0.00003088,0.00002349,-0.00003477,0.005593319,-0.72409238,8.30486E-08,-1.62946E-07,,,Phe,1,102,,106.9547311,,,
103,103,224853,,,,,0.021475,-68.371127,109.8901,-10.45,-40.28,0,8.29,3.085,F6V,0.538,40.504087,0.227686,-102.152833,-0.00001992,-0.00000568,-0.00000791,0.005622028,-1.193301286,-5.0663E-08,-1.95283E-07,,,Tuc,1,103,,5.081594426,,,
104,104,224863,,,,,0.021776,-31.899618,97.6562,-39.21,-0.87,0,9.34,4.392,F7V,0.543,82.906345,0.472627,-51.604728,-0.00000011,-0.00001856,-0.00000035,0.005700963,-0.556753373,-1.90095E-07,-4.21788E-09,,,Scl,1,104,,1.524754768,,,
105,105,224854,,,,,0.021855,70.928938,276.2431,-4.9,-8.21,0,7.73,0.524,F0,0.455,90.258359,0.516403,261.081237,0.00001043,-0.0000065,-0.00000359,0.005721755,1.237943499,-2.37559E-08,-3.98032E-08,,,Cep,1,105,,53.75266488,,,
106,106,224870,9083,,,,0.022013,49.981558,199.6008,13.29,-11.19,-20,6.22,-0.281,G7II-III,0.97,128.347884,0.73972,152.861641,-0.00000493,0.00001283,-0.00002263,0.005763022,0.872342747,6.44317E-08,-5.42507E-08,,,Cas,1,106,,112.8236122,,,
107,107,224865,9082,,,,0.022255,-50.337373,166.3894,7.34,10.59,2,5.53,-0.576,M2III,1.615,106.198875,0.618768,-128.089244,0.00000785,0.00000597,0.00000388,0.005826258,-0.8785529,3.55853E-08,5.13418E-08,,,Phe,1,107,,148.0471325,,,
108,108,224866,,,,,0.022439,-70.125272,100000,12.75,14.74,0,8.53,-11.47,K3II/III,1.315,33995.89104,199.746918,-94043.81688,0.00668351,0.0062202,0.00242923,0.005874502,-1.223916882,6.18137E-08,7.14615E-08,,,Tuc,1,108,,3372873.087,,,
109,109,224875,,,,,0.023106,6.79147,172.7116,-3.08,-8.7,0,7.23,1.043,F0,0.388,171.496567,1.037433,20.424207,0.00000088,-0.00000257,-0.00000723,0.006049215,0.11853351,-1.49323E-08,-4.21788E-08,,,Psc,1,109,,33.32728996,DR,7.255,7.195
110,110,224873,,,,,0.023242,39.610717,49.6278,-29.92,-41.34,0.4,8.61,5.131,G5,0.787,38.232255,0.232625,31.641104,0.0000067,-0.00000716,-0.0000074,0.006084836,0.691337436,-1.45056E-07,-2.00422E-07,,,And,1,110,,0.771969248,,,
111,111,,,,,,0.023314,34.281848,38.4911,258.31,-4.75,0,11.28,8.353,M2,1.308,31.80371,0.194195,21.680663,0.00000021,0.0000482,-0.00000073,0.006103673,0.598331124,1.25232E-06,-2.30286E-08,,,And,1,111,,0.039700868,,11.343,11.193
112,112,,,GJ 1293,,,0.023843,-16.948446,32.1234,299.01,-255.05,8,10.76,8.226,M1.5V:,1.384,30.727669,0.191824,-9.364349,-0.00000404,0.00004654,-0.00004038,0.006242051,-0.295806187,1.44964E-06,-1.23652E-06,,,Cet,1,112,,0.044627237,,,
113,113,224881,,,,,0.024375,49.010406,100000,-0.29,-1.97,0,8.93,-11.07,A0,0.021,65590.85947,418.558353,75482.87199,0.00072174,-0.00013598,-0.00062641,0.006381272,0.855392951,-1.40596E-09,-9.55083E-09,,,Cas,1,113,,2333458.062,,,
114,114,224882,,,,,0.024777,30.735785,117.7856,-10.28,-38.64,-11,7.95,2.595,G0IV,0.654,101.238423,0.656689,60.197798,0.00000164,-0.00000586,-0.00002471,0.006486533,0.536440652,-4.98388E-08,-1.87332E-07,,,Peg,1,114,,7.979946873,,,
115,115,224878,,,,,0.024839,-62.92313,258.3979,-2.22,11.18,0,7.46,0.399,A2IV,0.16,117.616488,0.76485,-230.076621,0.00001249,-0.0000027,0.00000637,0.006502942,-1.0982158,-1.07629E-08,5.42022E-08,,,Tuc,1,115,,60.31148196,,,
116,116,224886,,,,,0.025022,-33.792771,125.3133,-23.88,-27.41,0,8.6,3.11,F3V,0.435,104.139967,0.682192,-69.6981,-0.00000917,-0.00001457,-0.00001384,0.00655083,-0.589795117,-1.15774E-07,-1.32887E-07,,,Scl,1,116,,4.965923215,,,
117,117,224879,,,,,0.025363,-72.605899,934.5794,18.26,1.7,0,8.55,-1.303,G8III,1.093,279.379379,1.855655,-891.842124,0.0000068,0.00008278,0.0000023,0.006640148,-1.267211998,8.8527E-08,8.24183E-09,,,Tuc,1,117,,289.2011396,,,
118,118,224883,,,,,0.025773,-9.430033,77.6398,44.38,1.14,0,9.2,4.75,G0,0.606,76.588865,0.51678,-12.720744,-0.00000004,0.0000167,0.00000042,0.00674733,-0.164585129,2.1516E-07,5.52688E-09,,,Cet,1,118,,1.096478196,,,
119,119,224894,,,,,0.026012,44.675401,155.521,-10.61,-18.37,0,6.82,0.861,K0,1.071,110.588637,0.753085,109.345178,0.00000979,-0.00000793,-0.00000985,0.006809863,0.779732844,-5.14387E-08,-8.90603E-08,,,And,1,119,,39.40941607,,,
120,120,224902,,,,,0.026396,-45.344759,413.2231,-19.71,-28.68,0,8.29,0.209,K1IIICNIV,1.183,290.422468,2.006886,-293.945731,-0.00004059,-0.00003976,-0.00004038,0.006910474,-0.791415338,-9.55568E-08,-1.39045E-07,,,Phe,1,120,,71.84557088,,,
121,121,224895,,,,,0.026429,28.423691,226.2443,-18.88,-34.1,-11.4,6.83,0.057,K2III,1.197,198.966112,1.376651,107.6895,0.00000769,-0.00002065,-0.00003844,0.006919022,0.496086997,-9.15328E-08,-1.65321E-07,,,Peg,1,121,,82.64184417,,,
122,122,224889,9084,,The Oct,,0.026616,-77.065724,66.5779,-56.52,-176.95,24,4.78,0.663,K2III,1.254,14.902031,0.103716,-64.888859,-0.00005004,-0.00001859,-0.00003671,0.006968083,-1.34505063,-2.74017E-07,-8.57878E-07,The,,Oct,1,122,,47.29334149,,,
123,123,224891,,,,,0.026675,72.236615,169.2047,-44.73,3.74,-12.9,7.21,1.068,K0,1.169,51.620824,0.360284,161.13768,-0.00000669,-0.00003674,-0.00001163,0.006983626,1.260766776,-2.16857E-07,1.8132E-08,,,Cep,1,123,,32.56866822,,,
124,124,224893,9085,,,,0.026949,61.222801,943.3962,-2.8,-1.34,-23,5.58,-4.293,F0III,0.407,454.144163,3.204116,826.885007,-0.00000586,-0.00001285,-0.00002357,0.007055293,1.068539449,-1.35748E-08,-6.4965E-09,,,Cas,1,124,,4541.507126,,,
125,125,224900,,,,,0.026979,-39.336748,222.2222,-19.57,-28.13,0,8.7,1.966,F2V,0.366,171.869877,1.213907,-140.861556,-0.00001906,-0.00002122,-0.00002344,0.007063069,-0.686555773,-9.4878E-08,-1.36378E-07,,,Phe,1,125,,14.24295165,,,
126,126,224896,,,,,0.027255,14.632324,300.3003,37.26,7.11,0,8.06,0.672,G5,0.969,290.553207,2.07324,75.860439,-0.000003,0.00005422,0.00001001,0.007135318,0.255382231,1.80642E-07,3.44703E-08,,,Peg,1,126,,46.90293284,,,
127,127,,,,,,0.027479,-48.935619,84.8176,42.86,-188.26,0,10.86,6.218,,0.942,55.715803,0.400884,-63.950089,-0.00005849,0.0000172,-0.00005085,0.007194101,-0.854087676,2.07791E-07,-9.1271E-07,,,Phe,1,127,,0.283661242,,10.93,10.77
128,128,224890,,,,,0.027597,73.611846,70.7714,75.54,-12.36,-8,6.5,2.251,Am...,0.182,19.96712,0.144423,67.896054,0.00000157,0.00002593,-0.00000905,0.007224759,1.28476909,3.66228E-07,-5.9923E-08,,,Cep,1,128,,10.95468767,,,
129,129,224897,,,,,0.027708,5.372808,167.2241,5.33,23.58,0,9.32,3.204,F8,0.559,166.485023,1.20768,15.658167,-0.00000182,0.00000431,0.00001903,0.007253854,0.093773193,2.58406E-08,1.14319E-07,,,Psc,1,129,,4.554073127,,,
130,130,224913,,,,,0.027886,-30.692537,305.8104,16.06,-12.27,0,9.14,1.713,K0III,1.08,262.965094,1.919858,-156.095081,-0.00000946,0.00002374,-0.00001564,0.007300566,-0.535685823,7.78611E-08,-5.94866E-08,,,Scl,1,130,,17.98042695,,,
131,131,224892,,,,,0.027994,62.018087,125.1564,-14.27,-26.03,1,8.13,2.643,A4V,0.2,58.72091,0.430319,110.525093,0.00001449,-0.00000855,-0.00000651,0.007328767,1.082419819,-6.91829E-08,-1.26197E-07,,,Cas,1,131,,7.634841052,,,
132,132,,,,,,0.028135,-34.653545,476.1905,5.38,-15.37,0,10.62,2.231,F0,0.358,391.706221,2.885224,-270.767989,-0.00002027,0.00001227,-0.00002919,0.007365605,-0.60481846,2.6083E-08,-7.45159E-08,,,Scl,1,132,,11.15835052,,10.668,10.558
133,133,224914,,,,,0.02823,-40.148702,208.7683,33.7,-14.84,-8.4,6.62,0.022,F5IV,0.545,159.572564,1.17943,-134.608237,-0.0000165,0.00003399,-0.00000594,0.00739061,-0.70072704,1.63382E-07,-7.19464E-08,,,Phe,1,133,,85.34930716,,,
134,134,224909,,,,,0.028346,-1.13996,862.069,23.15,5.09,0,9.96,0.282,A0,0.264,861.874646,6.396161,-17.150637,-0.00000029,0.00009675,0.00002127,0.007421083,-0.019896051,1.12234E-07,2.4677E-08,,,Psc,1,134,,67.17381285,,,
135,135,224908,,,,,0.028453,-0.217777,50.0751,20.73,-114.08,0,8.64,5.142,G5,0.62,50.073349,0.373003,-0.190331,-0.00000014,0.00000503,-0.00002769,0.007448998,-0.00380092,1.00502E-07,-5.53075E-07,,,Psc,1,135,,0.764187624,,,
136,136,224907,,,,,0.028579,24.253113,180.5054,18.5,-28.01,0,6.6,0.318,K2III-IV,1.153,164.569338,1.231343,74.145911,0.00000995,0.00001626,-0.00002235,0.007482003,0.42329667,8.96905E-08,-1.35796E-07,,,Peg,1,136,,64.98303635,,,
137,137,224906,9086,,,,0.028847,42.367144,374.5318,5.11,-1.77,-11,6.25,-1.617,B9IIIp Mn,-0.042,276.711822,2.089808,252.388978,-0.00000622,0.00000923,-0.00000996,0.007552069,0.739446155,2.4774E-08,-8.5812E-09,,,And,1,137,,386.1890894,,,
138,138,224910,,,,,0.029162,-16.531661,165.0165,94.8,24.68,0,7.83,1.742,K0/K1IV,1.074,158.190543,1.207783,-46.954642,0.00000504,0.00007588,0.00001893,0.007634667,-0.288531918,4.59603E-07,1.19652E-07,,,Cet,1,138,,17.50652708,,,
139,139,,,,,,0.029686,67.506975,418.41,-3.6,-0.44,0,10.03,1.922,B0,1.289,160.066682,1.24397,386.579925,0.00000088,-0.0000073,-0.00000034,0.007771665,1.178218982,-1.74533E-08,-2.13318E-09,,,Cep,1,139,,14.83200967,V747,10.139,9.979
140,140,224915,,,,,0.030195,-68.104897,111.9821,100.92,-35.54,0,9.04,3.794,F7V,0.546,41.757767,0.3304,-103.904622,-0.00001833,0.00005464,-0.00000719,0.007904944,-1.188654696,4.89274E-07,-1.72303E-07,,,Tuc,1,140,,2.644843627,,,
141,141,224921,,,,,0.030232,36.350358,231.4815,21.36,5.19,0,8.47,1.647,K5,1.35,186.431129,1.475627,137.204014,-0.00000364,0.00002394,0.00000469,0.007914748,0.634433434,1.03556E-07,2.51618E-08,,,And,1,141,,19.10732981,,,
142,142,224918,,,,,0.030251,66.306032,59.6659,4.74,12.31,-18,7.33,3.451,K0,0.73,23.976008,0.189891,54.63621,-0.00001067,0.00000129,-0.00001543,0.007919608,1.15725857,2.29802E-08,5.96806E-08,,,Cas,1,142,,3.627438015,,,
143,144,224917,,,,,0.030342,76.175597,380.2281,18.53,-5.64,-6,8.66,0.76,K5,1.364,90.851501,0.72193,369.213828,0.00000836,0.00003422,-0.00000844,0.007943601,1.329514984,8.9836E-08,-2.73435E-08,,,Cep,1,143,,43.2513831,,,
144,143,,,,,,0.030374,21.462502,45.5373,177.97,150.19,0,10.35,7.058,K3,1.033,42.378277,0.337022,16.661744,-0.00001244,0.00003919,0.00003086,0.007951975,0.374591334,8.62823E-07,7.28142E-07,,,Peg,1,144,,0.130857916,,,
145,145,224926,9087,,29    Psc,,0.030402,-3.027504,139.2758,18.9,-10.25,23,5.13,-0.589,B7III-IV,-0.128,139.077212,1.106982,-7.355907,0.00002302,0.00001294,-0.00000815,0.007959312,-0.052839909,9.16298E-08,-4.96934E-08,,29,Psc,1,145,,149.8304211,,,
146,146,224927,,,,,0.030392,-25.798526,265.252,-130.61,-341.77,43,8.96,1.842,A9V,0.306,238.807114,1.899963,-115.439943,-0.00015032,-0.00016915,-0.00041481,0.0079565,-0.450269217,-6.33215E-07,-1.65695E-06,,,Scl,1,146,,15.96614246,,,
147,147,224923,,,,,0.031071,21.026236,100000,6.24,-5.12,0,8.49,-11.51,K5,1.569,93338.53485,759.258296,35879.54068,0.00086591,0.00303212,-0.00231677,0.008134259,0.366977052,3.02524E-08,-2.48225E-08,,,Peg,1,147,,3499451.67,,,
148,149,,,Wo 9848,,,0.031862,26.004049,45.5166,-309.64,-628.61,0,11.26,7.969,K3,0.932,40.907216,0.341175,19.956055,0.00006138,-0.00006781,-0.00012466,0.008341493,0.453856279,-1.50118E-06,-3.04759E-06,,,Peg,1,148,,0.056545754,,11.319,11.189
149,148,224931,,,,,0.031921,15.528542,256.4103,11.25,5.41,0,8.15,1.105,F8,0.584,247.041982,2.064578,68.645748,-0.00000192,0.00001397,0.00000648,0.008356985,0.271024177,5.45415E-08,2.62284E-08,,,Peg,1,149,,31.47748314,,,
150,150,224936,,NN 4388,,,0.032021,-37.229953,121.5067,-19.88,-44.75,0,7.04,1.617,K1III,1.06,96.741905,0.810996,-73.513429,-0.00001585,-0.00001184,-0.00002099,0.008383117,-0.649785254,-9.6381E-08,-2.16954E-07,,,Scl,1,150,,19.64264646,,,
151,152,,,,,,0.032295,-28.130948,189.3939,-12.42,3.03,0,10.02,3.633,F5,0.456,167.015269,1.412098,-89.297006,0.00000141,-0.00001139,0.00000245,0.008454773,-0.490977664,-6.02139E-08,1.46899E-08,,,Scl,1,151,,3.067608977,,10.077,9.957
152,153,224932,,,,,0.032301,12.654888,177.305,-13.44,-26.84,0,8.9,2.656,F8,0.459,172.991604,1.462906,38.843633,0.00000515,-0.00001151,-0.00002251,0.00845633,0.220869461,-6.5159E-08,-1.30124E-07,,,Peg,1,152,,7.543970822,,,
153,151,224937,,,,,0.03232,-41.613774,135.8696,89.74,-15.52,11.8,7.78,2.114,F3IV...,0.411,101.577779,0.859637,-90.231883,0.00000173,0.00005912,-0.00001566,0.008461364,-0.726297377,4.35072E-07,-7.52431E-08,,,Phe,1,153,,12.42796438,,,
154,154,224935,9089,,30    Psc,,0.032672,-6.014072,132.4503,46.62,-41.32,-12,4.37,-1.24,M3III,1.631,131.716394,1.126662,-13.877167,-0.00001524,0.0000298,-0.0000251,0.008553479,-0.104965359,2.2602E-07,-2.00325E-07,,30,Psc,1,154,,272.8977783,YY,4.418,4.308
155,155,,,,,,0.032745,46.269156,312.5,15.17,-2.88,0,9.93,2.456,A2,0.283,216.014409,1.851919,225.810974,0.00000296,0.00002301,-0.00000302,0.008572634,0.807549109,7.35462E-08,-1.39626E-08,,,And,1,155,,9.069847815,,9.991,9.871
156,156,224939,,,,,0.033127,63.357826,298.5075,8.33,-8.04,-7,8.6,1.225,B8V,0.1,133.850814,1.160926,266.813234,0.00000708,0.00001212,-0.00001162,0.00867263,1.105802673,4.0385E-08,-3.8979E-08,,,Cas,1,156,,28.18382931,,,
157,157,224947,,,,,0.033362,-5.213925,176.6784,39.43,29.54,0,8.51,2.274,G5,0.903,175.940655,1.536713,-16.055582,0.000002,0.00003379,0.0000252,0.008734036,-0.091000165,1.91162E-07,1.43214E-07,,,Psc,1,157,,10.72506666,,,
158,158,224949,,,,,0.033384,-37.901878,153.6098,121.63,-35.97,0,7.09,1.158,K0III,0.999,121.203325,1.059515,-94.364199,-0.00001724,0.00009043,-0.00002114,0.008740031,-0.661512561,5.89679E-07,-1.74387E-07,,,Scl,1,158,,29.97781672,,,
159,159,224945,,,,,0.03406,-2.766171,62.461,39.33,-3.17,0,6.93,2.952,A3,0.292,62.385741,0.556308,-3.01437,-0.00000015,0.00001191,-0.00000096,0.008917002,-0.048278786,1.90677E-07,-1.53686E-08,,,Psc,1,159,,5.743809135,BU,6.951,6.911
160,160,224954,,,,,0.034117,-69.269198,467.2897,14.52,3.76,0,8.68,0.332,B9V,-0.052,165.403525,1.477564,-437.034501,0.00000767,0.00003296,0.00000301,0.008931729,-1.208975578,7.03949E-08,1.8229E-08,,,Tuc,1,160,,64.15049325,,,
161,161,,,,,,0.034162,33.695958,621.118,-23.14,-13.48,0,8.98,0.014,K5,1.5,516.745326,4.621522,344.587405,0.00002314,-0.00006947,-0.00003377,0.00894348,0.588105409,-1.12186E-07,-6.53529E-08,,,And,1,161,,85.98050667,,,
162,162,,,Gl 914B,,,0.034224,27.118603,390.625,-4.89,-6.9,0,9.84,1.881,G0,0.696,347.667628,3.115087,178.060123,0.00000604,-0.00000921,-0.00001163,0.008959746,0.473308904,-2.37074E-08,-3.34521E-08,,,Peg,2,171,Gl 914,15.40281148,,,
163,163,224964,,,,,0.034479,-30.685228,262.4672,16.59,2.68,6.8,8.98,1.885,A3V,0.107,225.708415,2.03745,-133.942611,0.00000753,0.00002118,-0.00000062,0.009026552,-0.535558262,8.04306E-08,1.2993E-08,,,Scl,1,163,,15.34616983,,,
164,164,224940,,,,,0.03459,59.940102,289.0173,114.98,36.86,0,7.98,0.675,G9III,0.97,144.764294,1.311692,250.145114,-0.00004615,0.00016068,0.00002587,0.009055772,1.046152127,5.57439E-07,1.78702E-07,,,Cas,1,164,,46.77351413,,,
165,165,224962,,,,,0.034649,-22.327486,763.3588,-4.6,-6.57,0,10.16,0.746,Ap...,0.45,706.098889,6.405229,-289.999983,-0.00000908,-0.00001711,-0.00002249,0.009071059,-0.389688153,-2.23014E-08,-3.18523E-08,,,Cet,1,165,,43.8126982,,10.217,10.107
166,166,224965,,,,,0.034761,-56.514931,106.6098,-47.58,-12.05,0,8.86,3.721,G3V,0.66,58.816289,0.535166,-88.915731,-0.00000497,-0.00002464,-0.00000344,0.009100338,-0.986371618,-2.30674E-07,-5.842E-08,,,Phe,1,166,,2.828785388,,,
167,167,224957,,,,,0.035188,39.183203,230.4147,6.08,-4.37,5,8.58,1.767,B9,0.06,178.593743,1.645306,145.576517,0.00000698,0.00000686,-0.00000055,0.009212229,0.683875903,2.94767E-08,-2.11864E-08,,,And,1,167,,17.10802988,,,
168,168,224959,,,,,0.035562,-2.820072,699.3007,-38.31,-93.38,-127.8,9.56,0.337,R...,1.113,698.422409,6.50256,-34.40531,-0.0001449,-0.00013123,-0.00030975,0.009310087,-0.049219545,-1.85732E-07,-4.52719E-07,,,Psc,1,168,,63.85574851,,,
169,169,224953,,GJ 1294A,,,0.035702,-68.280769,15.328,207.45,-231.8,0,9.24,8.313,M0V,1.39,5.67201,0.053101,-14.239841,-0.00001614,0.00001526,-0.00000637,0.009346676,-1.191724239,1.00575E-06,-1.1238E-06,,,Tuc,1,169,GJ 1294,0.041190778,,,
170,170,224961,,,,,0.03584,-20.871662,212.3142,-29.52,-8.33,0,9.63,2.995,F5V,0.509,198.373579,1.861373,-75.642435,-0.00000277,-0.00003041,-0.00000801,0.009382983,-0.364279227,-1.43117E-07,-4.0385E-08,,,Cet,1,170,,5.520774393,,,
171,171,224930,9088,Gl 914A,85    Peg,,0.036139,27.082256,12.1699,778.59,-918.72,-37.6,5.8,5.374,G3V,0.69,10.834733,0.102555,5.540428,-0.00000999,0.00004584,-0.00006577,0.009461082,0.472674536,3.77471E-06,-4.45408E-06,,85,Peg,1,171,Gl 914,0.617163168,,,
172,172,,,,,,0.036192,67.408952,877.193,-1.45,-1.63,0,9.05,-0.665,O7,0.976,336.959503,3.192751,809.886202,0.00000646,-0.00000611,-0.00000266,0.009474991,1.176508164,-7.0298E-09,-7.90246E-09,,,Cep,1,172,,160.6941253,,,
173,173,224969,,,,,0.036639,47.577206,380.2281,-8.42,-6.78,-13,8.45,0.55,A2,0.248,256.488523,2.460256,280.679362,0.00000041,-0.00001552,-0.00001825,0.009591951,0.830378887,-4.08213E-08,-3.28704E-08,,,And,1,173,,52.48074602,,,
174,174,240475,,,,,0.036774,59.965338,211.8644,15.17,-0.1,0,8.86,2.23,G9II-III,1.035,106.038265,1.020961,183.415834,-0.00000006,0.00001558,-0.00000005,0.0096273,1.046592584,7.35462E-08,-4.84813E-10,,,Cas,1,174,,11.16863248,,,
175,175,224968,,,,,0.036828,49.771086,221.2389,-7.42,-21.74,0,7.84,1.116,G5,0.923,142.878965,1.377587,168.909308,0.00001788,-0.00000779,-0.00001506,0.009641507,0.868669324,-3.59732E-08,-1.05398E-07,,,Cas,1,175,,31.16018303,,,
176,176,224970,,,,,0.036892,44.428262,215.9827,19.01,-6.2,0,8.86,2.188,K0,0.53,154.231985,1.489716,151.191276,0.00000435,0.00001995,-0.00000464,0.009658307,0.775419454,9.21631E-08,-3.00584E-08,,,And,1,176,,11.6091387,,,
177,177,224973,,,,,0.037348,-11.964352,238.0952,9.52,-1.99,0,8.93,2.046,A1m...,0.172,232.911869,2.277442,-49.357866,-0.00000058,0.00001098,-0.00000225,0.009777807,-0.208817334,4.61543E-08,-9.64779E-09,,,Cet,1,177,,13.23122333,,,
178,178,224989,,,,,0.037869,-27.135153,108.8139,99.62,8.25,0,7.97,2.787,F7V,0.556,96.832337,0.960091,-49.62904,0.00000146,0.00005257,0.00000387,0.009914136,-0.473597761,4.82971E-07,3.99971E-08,,,Scl,1,178,,6.686517722,,,
179,179,224974,,,,,0.037966,-13.407437,65.2742,261.21,32.13,0,6.9,2.826,G0V,0.534,63.492066,0.631126,-15.135401,0.00000154,0.00008267,0.00000989,0.0099396,-0.234003927,1.26638E-06,1.55771E-07,,,Cet,1,179,,6.450598333,,,
180,180,224988,,,,,0.038061,-9.174928,286.533,3.94,-13.52,0,8.47,1.184,K0,1.171,282.853092,2.818525,-45.68746,-0.00000305,0.00000544,-0.00001854,0.00996429,-0.1601327,1.91017E-08,-6.55468E-08,,,Cet,1,180,,29.26846862,,,
181,181,224980,,,,,0.038253,60.703168,363.6364,-8.91,-11.05,-25.5,6.77,-1.033,M0,1.832,177.930706,1.781896,317.12577,0.00000438,-0.00001566,-0.00003228,0.01001461,1.059470142,-4.31969E-08,-5.35719E-08,,,Cas,1,181,,225.5277567,V822,6.814,6.724
182,182,236280,,,,,0.038746,52.586407,431.0345,6.78,-12.63,0,8.55,0.377,K0,1.004,261.867699,2.656416,342.357988,0.00002082,0.00001438,-0.00001603,0.010143582,0.917805938,3.28704E-08,-6.1232E-08,,,Cas,1,182,,61.54602374,,,
183,183,224990,9091,,Zet Scl,,0.038867,-29.720414,154.0832,9.66,14,8.6,5.04,-0.899,B4V,-0.15,133.807455,1.36158,-76.389577,0.00001275,0.00000735,0.00000472,0.010175253,-0.518719079,4.6833E-08,6.78739E-08,Zet,,Scl,1,183,,199.3425456,,,
184,184,224983,,,,,0.039318,11.006236,31.1915,-2.65,-43.21,0,8.48,6.01,K0,0.888,30.616154,0.315156,5.954951,0.00000125,-0.00000039,-0.00000641,0.010293413,0.192095054,-1.28476E-08,-2.09488E-07,,,Peg,1,184,,0.343557948,,,
185,185,224984,,,,,0.039336,10.785363,77.3994,-45.33,-115.73,-7,8.53,4.086,F8,0.53,76.028053,0.782972,14.483766,0.00000127,-0.000017,-0.000044,0.010298139,0.188240088,-2.19766E-07,-5.61075E-07,,,Peg,1,185,,2.021156767,,,
186,186,224995,9092,,31    Psc,,0.040046,8.956824,122.8501,-0.87,-4.11,11,6.33,0.883,A6V,0.182,121.345487,1.272247,19.126563,0.0000115,-0.0000004,-0.00000067,0.010484117,0.156326062,-4.21788E-09,-1.99258E-08,,31,Psc,1,186,,38.61890894,,,
187,187,224997,,,,,0.040152,-6.05927,128.7001,69.03,-36.17,0,8.99,3.442,G0,0.5,127.974012,1.345289,-13.585222,-0.00000283,0.00004304,-0.00002244,0.010511801,-0.105754212,3.34667E-07,-1.75357E-07,,,Psc,1,187,,3.65763193,,,
188,188,224996,,,,,0.040179,6.333013,100.5025,77.39,-50.94,0,8.64,3.629,F5,0.488,99.883663,1.050714,11.086129,0.00000234,0.00003773,-0.00002467,0.010518968,0.110531927,3.75197E-07,-2.46964E-07,,,Psc,1,188,,3.07893131,,,
189,189,236281,,,,,0.04035,54.135139,406.5041,-12.95,-7.46,0,9.55,1.505,A3,0.237,238.147486,2.515721,329.431374,0.00001218,-0.00002539,-0.00000861,0.010563705,0.944836423,-6.27834E-08,-3.61671E-08,,,Cas,1,189,,21.77709772,,9.61,9.48
190,190,224994,,,,,0.040362,10.776364,87.4891,-49.43,-118.65,-6,8.74,4.03,G0,0.57,85.941333,0.90816,16.358358,0.0000036,-0.00002093,-0.00005058,0.010566854,0.188083027,-2.39643E-07,-5.75231E-07,,,Peg,1,190,,2.128139046,,,
191,191,,,,,,0.04085,-46.028896,38.373,192.39,-22.43,0,12.43,9.51,M3,1.49,26.640676,0.285018,-27.616666,-0.00000339,0.00003575,-0.0000029,0.010694586,-0.803355782,9.32733E-07,-1.08744E-07,,,,1,191,,0.013677288,,12.633,12.253
192,192,225004,,,,,0.041322,8.393859,272.4796,-1.77,-29.14,0,8.16,0.983,G5,1.032,269.545021,2.916056,39.775756,0.00000564,-0.00000228,-0.00003808,0.010818017,0.146500483,-8.5812E-09,-1.41275E-07,,,Psc,1,192,,35.22086356,,,
193,193,225006,,,,,0.041447,-39.212591,220.7506,28.73,-37.91,0,9.46,2.74,G8/K0III,0.944,171.028726,1.855947,-139.558438,-0.00002598,0.00003046,-0.00003143,0.010850884,-0.684388825,1.39287E-07,-1.83793E-07,,,Scl,1,193,,6.982324041,,,
194,194,225003,9093,,32    Psc,,0.041584,8.485463,36.9004,-93.55,-47.5,10,5.7,2.865,F0V,0.315,36.494389,0.397318,5.44498,0.00001155,-0.00001661,-0.00000689,0.010886699,0.148099269,-4.53543E-07,-2.30286E-07,,32,Psc,1,194,,6.223002852,,,
195,195,224999,,,,,0.041718,47.42289,117.6471,12.29,-28.62,0,7.62,2.267,F8,0.517,79.593143,0.869346,86.631494,0.00001194,0.00000714,-0.00001104,0.010921689,0.827685574,5.95836E-08,-1.38754E-07,,,And,1,195,,10.7944371,,,
196,196,236282,,,,,0.0418,51.829976,100000,0.32,-1.45,0,8.95,-11.05,K5,1.677,61796.01629,676.280081,78618.03239,0.00055089,0.00016117,-0.0004344,0.010943304,0.904603731,1.5514E-09,-7.0298E-09,,,Cas,1,196,,2290867.653,,,
197,197,,,,,,0.042154,42.147779,714.2857,-7.69,-8.04,0,8.97,-0.299,K0,0.952,529.550962,5.844246,479.317936,0.00001897,-0.00002642,-0.00002064,0.011035895,0.735617522,-3.72822E-08,-3.8979E-08,,,And,1,197,,114.709662,,,
198,198,225002,,,,,0.042183,15.335173,222.2222,21.03,-7.14,0,8.94,2.206,A0,0.276,214.296966,2.366694,58.770021,0.00000178,0.00002268,-0.00000742,0.011043514,0.267649255,1.01956E-07,-3.46157E-08,,,Peg,1,198,,11.4182619,,,
199,199,225001,,,,,0.042334,16.256565,254.4529,-11.07,5.7,-11,7.24,0.212,A0,0.074,244.264213,2.70727,71.231266,-0.00001262,-0.0000138,0.0000036,0.011082932,0.283730581,-5.36689E-08,2.76344E-08,,,Peg,1,199,,71.64732824,,,
200,200,,,,,,0.042366,-33.992633,258.3979,8.78,16.25,0,10.32,3.259,F2,0.323,214.226969,2.376168,-144.466725,0.00001126,0.00001112,0.00001688,0.011091296,-0.593283361,4.25666E-08,7.87822E-08,,,Scl,1,200,,4.329123745,,10.38,10.26
201,201,225000,,,,,0.042619,18.683407,92.1659,-13.19,17.41,0,8.24,3.417,F5,0.474,87.303608,0.974134,29.5243,-0.00000243,-0.00000592,0.00000737,0.011157573,0.326086962,-6.39469E-08,8.44061E-08,,,Peg,1,201,,3.742829122,,,
202,202,225012,,,,,0.042783,54.552139,689.6552,1.53,-8.82,0,8.62,-0.573,F0,0.303,399.94863,4.479805,561.82321,0.00002396,0.00000538,-0.0000171,0.011200437,0.952114446,7.41765E-09,-4.27606E-08,,,Cas,1,202,,147.6386278,,,
203,203,225005,,,,,0.042819,-15.831251,390.625,22.6,7.37,0,9.18,1.221,K0III,0.981,375.784722,4.212726,-106.564468,0.00000333,0.00004284,0.00001343,0.01120997,-0.276307463,1.09568E-07,3.57308E-08,,,Cet,1,203,,28.28785388,,,
204,204,225017,,,,,0.043012,-43.947929,657.8947,42.05,-6.43,0,8.53,-0.561,K3III,1.274,473.634949,5.333979,-456.581777,-0.00001574,0.00013394,-0.00001476,0.011260623,-0.767036061,2.03864E-07,-3.11735E-08,,,Phe,1,204,,146.0158497,,,
205,205,225014,,,,,0.043043,-5.186651,124.6883,-24.78,-2.83,0,8.54,3.061,F2,0.384,124.169878,1.399296,-11.271892,0.00000001,-0.00001498,-0.0000017,0.011268731,-0.090524141,-1.20137E-07,-1.37202E-08,,,Psc,1,205,,5.19517283,,,
206,206,225013,,,,,0.04312,18.836044,103.9501,-18.5,19.7,0,8.56,3.476,G0,0.436,98.376923,1.11059,33.561449,-0.0000031,-0.00000936,0.0000094,0.0112887,0.328750983,-8.96905E-08,9.55083E-08,,,Peg,1,206,,3.544867445,,,
207,208,225018,,,,,0.043332,-67.634287,293.2551,21.72,-2.68,0,9.41,2.074,G6/G8III,0.967,111.581378,1.266038,-271.194666,-0.00000387,0.00003084,-0.00000145,0.011344327,-1.180441004,1.05302E-07,-1.2993E-08,,,Tuc,1,207,,12.8943662,,9.468,9.368
208,207,225009,9094,,,,0.043357,66.098966,100000,3.32,1.14,-18,5.87,-14.13,G8III,1.073,40513.19831,459.88359,91424.66428,-0.00053094,0.00160352,0.00020708,0.011350757,1.15364459,1.60958E-08,5.52688E-09,,,Cas,1,208,,39084089.58,,6.002,5.812
209,209,225010,,,,,0.044012,66.100399,100000,8.09,9.09,-6.7,7.2,-12.8,A2V,0.085,40510.83204,466.81908,91425.67777,-0.00407643,0.00387509,0.001779,0.011522301,1.153669604,3.92214E-08,4.40696E-08,,,Cas,1,209,,11481536.21,,,
210,210,225015,,,,,0.044143,-8.487955,134.7709,-2.72,-4.67,0,9.05,3.402,G0,0.47,133.285842,1.540394,-19.892386,-0.00000043,-0.00000178,-0.00000302,0.011556558,-0.148142763,-1.31869E-08,-2.26408E-08,,,Cet,1,210,,3.794897062,,,
211,211,,,,,,0.044214,-37.947721,196.0784,13.88,-16.4,0,9.52,3.058,G8,0.832,154.611614,1.789771,-120.576883,-0.00000974,0.00001308,-0.00001229,0.011575242,-0.662312667,6.72921E-08,-7.95094E-08,,,Scl,1,211,,5.209547473,,,
212,212,,,,,,0.044233,-29.075247,193.7984,24.31,1.45,0,10.24,3.803,,0.318,169.365004,1.961406,-94.177855,0.0000004,0.00002284,0.00000119,0.011580276,-0.507458798,1.17858E-07,7.0298E-09,,,Scl,1,212,,2.623010324,,,
213,213,225021,,,,,0.044464,51.472401,143.6782,42.82,-4.99,0,7.7,1.913,G5,1.003,89.489872,1.041877,112.400634,0.00000237,0.00002985,-0.00000216,0.011640777,0.898362863,2.07597E-07,-2.41922E-08,,,Cas,1,213,,14.95546773,,,
214,214,225024,,,,,0.044611,28.542221,265.252,0.01,-0.06,0,8.17,1.052,A3,0.29,232.998774,2.721377,126.739058,0.00000004,0.00000001,-0.00000007,0.01167926,0.498155736,4.84814E-11,-2.90888E-10,,,Peg,1,214,,33.05217169,,,
215,217,225019,,,,,0.044959,82.973202,350.8772,-10.9,-3.07,0,7.29,-0.436,A0,0.118,42.921084,0.505075,348.241776,0.0000054,-0.00001848,-0.00000064,0.011770318,1.448155565,-5.28447E-08,-1.48838E-08,,,Cep,1,215,,130.136763,,,
216,215,,,,,,0.044967,75.036211,458.7156,4.08,7.28,0,9.26,0.952,M2,1.8,118.436071,1.394382,443.160191,-0.00001575,0.00000889,0.00000418,0.011772249,1.30962894,1.97804E-08,3.52944E-08,,,Cep,1,216,,36.24098559,V396,9.304,9.204
217,216,225022,,,,,0.045126,42.920649,258.3979,-11.81,-17.65,0,7.94,0.879,A0,0.016,189.210939,2.235411,175.965048,0.00001523,-0.00001461,-0.00001619,0.011814021,0.749106635,-5.72565E-08,-8.55696E-08,,,And,1,217,,38.76144867,,,
218,218,225033,,,,,0.045312,-57.63367,355.8719,-26.92,-16.14,0,8.42,0.664,G8III,1.005,190.495691,2.259715,-300.584588,-0.00002297,-0.00004672,-0.00001491,0.011862726,-1.005897302,-1.30512E-07,-7.82489E-08,,,Phe,1,218,,47.24980277,,,
219,219,225027,,,,,0.04602,6.0344,98.2318,31.94,-21.4,0,8.56,3.599,F8,0.602,97.680404,1.176923,10.326672,0.00000089,0.00001522,-0.00001013,0.012048127,0.105320155,1.54849E-07,-1.0375E-07,,,Psc,1,219,,3.165191567,,,
220,220,225023,,,,,0.046118,35.815467,176.3668,13.73,-2.33,-2,7.52,1.288,A0,0.18,143.006436,1.726723,103.205714,-0.00000063,0.00001173,-0.00000281,0.012073714,0.625097824,6.65649E-08,-1.12962E-08,,,And,1,220,,26.59500033,,,
221,221,225020,,,,,0.046222,80.282283,148.8095,47.54,17.14,0,7.74,1.877,F2,0.483,25.116334,0.304195,146.67428,-0.0000126,0.00003414,0.00000209,0.012100902,1.401190169,2.3048E-07,8.30971E-08,,,Cep,1,221,,15.45966219,,7.842,7.692
222,222,225043,,,,,0.046298,-40.983229,421.9409,-3.09,-20.43,0,8.85,0.724,K1III,1.113,318.500454,3.86067,-276.724916,-0.00002733,-0.00000665,-0.00003155,0.012120845,-0.715292289,-1.49807E-08,-9.90474E-08,,,Phe,1,222,,44.70951925,,,
223,224,,,,,,0.046417,3.860416,347.2222,3.01,4.28,0,9.01,1.307,K0,1.01,346.408784,4.209772,23.37708,-0.00000055,0.00000506,0.00000719,0.012152015,0.067376962,1.45929E-08,2.075E-08,,,Psc,1,223,,26.13364576,,,
224,223,225028,,,,,0.046437,2.130155,42.6257,62.25,-91.23,0,7.17,4.022,G0,0.617,42.593097,0.517843,1.584382,0.00000054,0.00001287,-0.00001884,0.012157308,0.037178212,3.01797E-07,-4.42296E-07,,,Psc,1,224,,2.143877666,,,
225,225,225039,,,,,0.046674,-15.040543,116.5501,21.33,-4.7,0,9.04,3.707,F3/F5V,0.489,112.548976,1.375344,-30.245039,-0.00000084,0.00001204,-0.00000256,0.012219323,-0.26250699,1.03411E-07,-2.27862E-08,,,Cet,1,225,,2.865497276,,,
226,226,225041,,,,,0.046696,-24.945298,100000,54.29,-17.92,27.3,10.3,-9.7,F0/F2V,0.254,90664.3105,1108.452782,-42175.2793,-0.00395989,0.02627181,-0.00788847,0.012225054,-0.435377585,2.63205E-07,-8.68786E-08,,,Scl,1,226,,660693.448,RU,10.571,9.411
227,227,,,,,,0.046952,80.286579,87.26,48.59,27.27,0,9.86,5.156,,0.442,14.721417,0.181116,86.009038,-0.00001162,0.00002041,0.00000195,0.012292104,1.401265141,2.35571E-07,1.32209E-07,,,Cep,1,227,,0.754397082,,,
228,228,225036,,,,,0.04735,28.251905,100.8065,41.41,5.68,0,7.64,2.623,F8,0.532,88.791103,1.100754,47.716651,-0.00000156,0.00002022,0.00000245,0.012396248,0.49308876,2.00761E-07,2.75374E-08,,,Peg,1,228,,7.776783345,,,
229,229,225034,,,,,0.047599,47.252268,350.8772,18.8,-5.1,-26,8.27,0.544,A0,0.128,238.146854,2.967865,257.666284,-0.00001208,0.00003183,-0.00002542,0.012461307,0.82470766,9.1145E-08,-2.47255E-08,,,And,1,229,,52.77156818,,,
230,230,,,,,,0.047724,30.336542,131.406,67.16,10.79,0,8.44,2.847,F2,0.423,113.404197,1.417007,66.370303,-0.00000401,0.00004274,0.00000593,0.012494085,0.529472541,3.25601E-07,5.23114E-08,,,Peg,1,230,,6.327031549,,,
231,231,225051,,,,,0.04824,-58.781398,284.0909,75.02,-3.02,0,9.58,2.313,F6/F7IV,0.5,147.233898,1.85997,-242.95341,-0.00000486,0.00010326,-0.00000216,0.012629127,-1.025928934,3.63707E-07,-1.46414E-08,,,Tuc,1,231,,10.34665576,,9.648,9.518
232,232,225047,,,,,0.048674,-30.149773,184.5018,20.22,2.81,1.3,8.43,2.1,A0V,0.007,159.52861,2.032977,-92.668268,0.00000218,0.00001811,0.00000151,0.01274283,-0.526212805,9.80293E-08,1.36233E-08,,,Scl,1,232,,12.58925412,,,
233,233,225044,,,,,0.048797,71.358516,336.7003,-6.98,-11.07,0,8.49,0.854,K0,1.18,107.615933,1.374811,319.036068,0.00001726,-0.00001117,-0.00000578,0.012775097,1.245441057,-3.384E-08,-5.36689E-08,,,Cep,1,233,,39.66431879,,,
234,234,,,,,,0.048906,70.238,490.1961,3.83,-3.04,0,9.64,1.188,B8,0.31,165.728492,2.122085,461.32611,0.00000668,0.00000919,-0.00000244,0.012803573,1.225884365,1.85684E-08,-1.47383E-08,,,Cep,1,234,,29.16083799,,,
235,235,,,,,,0.049098,71.36803,294.9853,-1.98,-5.69,0,9.17,1.821,K0,1.222,94.236506,1.211339,279.525206,0.00000775,-0.00000273,-0.0000026,0.012853716,1.24560711,-9.59931E-09,-2.75859E-08,,,Cep,1,235,,16.27796086,,9.232,9.112
236,236,225059,,,,,0.049191,-0.893874,367.6471,19.44,-18.16,0,8.09,0.263,K0,1.26,367.571878,4.733908,-5.735445,-0.00000095,0.00003464,-0.00003236,0.012878153,-0.015601042,9.42478E-08,-8.80422E-08,,,Psc,1,236,,68.35967668,,,
237,237,225049,,,,,0.049284,-39.527412,157.9779,60.22,-37,0,9,3.007,G8IV,0.903,121.841397,1.572237,-100.544611,-0.00001863,0.00004588,-0.00002186,0.012902494,-0.689883492,2.91955E-07,-1.79381E-07,,,Phe,1,237,,5.460092498,,,
238,238,225045,9095,,,,0.049301,-20.045882,61.1621,100.38,78.95,-4,6.25,2.318,F6/F7V,0.526,57.451984,0.741591,-20.964675,0.0000038,0.00002981,0.00002339,0.012907025,-0.349866644,4.86656E-07,3.8276E-07,,,Cet,1,238,,10.29911719,,,
239,239,225058,,,,,0.049546,3.381932,166.113,5.04,-2.17,0,8.56,2.458,F5,0.521,165.809761,2.150847,9.799269,0.00000005,0.00000406,-0.00000174,0.012971046,0.05902585,2.44346E-08,-1.05205E-08,,,Psc,1,239,,9.053155916,,,
240,240,,,,,,0.049582,9.795231,296.7359,-15.69,4.4,0,10.81,3.448,F8,0.565,292.385468,3.795532,50.48293,-0.00000078,-0.00002258,0.00000624,0.012980544,0.170959031,-7.60673E-08,2.13318E-08,,,Psc,1,240,,3.637474856,,,
241,241,225056,,,,,0.050135,9.138279,271.0027,21.34,-7.21,0,8.76,1.595,K0,1.01,267.540066,3.511722,43.040032,0.00000114,0.00002805,-0.00000935,0.013125204,0.159493065,1.03459E-07,-3.49551E-08,,,Psc,1,241,,20.04472027,,,
242,242,225061,,,,,0.050148,-34.743939,142.4501,21.85,45.7,0,7.76,1.992,G8IV,0.967,117.042189,1.536723,-81.183715,0.00001779,0.00001532,0.00002593,0.013128697,-0.606396137,1.05932E-07,2.2156E-07,,,Scl,1,242,,13.90592875,,,
243,243,225062,,,,,0.050224,-60.691901,305.8104,-5.55,-2.53,0,7.82,0.393,K0III,1.041,149.683001,1.96821,-266.666695,-0.00000316,-0.00000827,-0.00000184,0.013148673,-1.059273496,-2.69072E-08,-1.22658E-08,,,Tuc,1,243,,60.64569815,,,
244,244,225054,,,,,0.050591,39.995144,265.252,1.82,-3.26,0,7.9,0.782,F8,0.668,203.191445,2.691385,170.483479,0.00000266,0.00000238,-0.00000321,0.013244764,0.698046955,8.82361E-09,-1.58049E-08,,,And,1,244,,42.38381058,,,
245,245,225060,,,,,0.050916,-7.815517,225.7336,62.16,3.67,0,8.52,1.752,G5,1.036,223.616904,2.980918,-30.696132,-0.00000036,0.00006802,0.00000398,0.013329657,-0.136406504,3.0136E-07,1.77927E-08,,,Cet,1,245,,17.34602628,,,
246,246,,,,,,0.050941,56.733298,55.4939,177.58,46.91,0,9.73,6.009,K3,0.99,30.437747,0.406142,46.399909,-0.00001119,0.00004763,0.00000692,0.013336383,0.990182844,8.60932E-07,2.27426E-07,,,Cas,1,246,,0.343874522,,9.796,9.666
247,247,225057,,,,,0.051029,8.261293,184.1621,-37.8,-49.68,0,9.19,2.864,F0,0.346,182.234803,2.434686,26.461824,0.00000682,-0.00003366,-0.00004389,0.013359382,0.144186757,-1.8326E-07,-2.40855E-07,,,Psc,1,247,,6.228737089,,9.251,9.141
248,248,,,,,,0.051044,8.270683,110.742,-35.94,-49.91,0,8.1,2.878,F0,0.342,109.580445,1.464448,15.930222,0.00000411,-0.00001924,-0.00002652,0.013363357,0.144350655,-1.74242E-07,-2.41971E-07,,,Psc,1,248,,6.148936385,,,
249,249,,,,,,0.051615,31.870083,80.9061,9.9,-8.32,0,8.75,4.21,F8,0.552,68.70303,0.928424,42.718014,0.00000167,0.00000391,-0.00000277,0.013512692,0.55623788,4.79966E-08,-4.03365E-08,,,Peg,1,249,,1.803017741,,,
250,250,225064,,,,,0.05162,52.465128,249.3766,-8.04,-16.48,0,8.14,1.156,K0,0.88,151.917366,2.05311,197.751327,0.00001593,-0.00000951,-0.00001214,0.013514044,0.915689234,-3.8979E-08,-7.98973E-08,,,Cas,1,250,,30.03308879,,,
251,251,225070,,,,,0.051689,-25.261114,100000,-27.86,-26.85,0,8.65,-11.35,K2III,1.349,90428.95823,1223.765627,-42674.41752,-0.00537126,-0.01357967,-0.01177142,0.013532194,-0.440889613,-1.35069E-07,-1.30172E-07,,,Scl,1,251,,3019951.72,,,
252,252,,,,,,0.051975,29.485979,100000,16.56,-1.5,0,10.3,-9.7,K0...,1.082,87039.55878,1184.44022,49221.05554,0.00024865,0.00803194,-0.00063297,0.013607123,0.514627413,8.02851E-08,-7.27221E-09,,,Peg,1,252,,660693.448,,,
253,253,225069,9096,,,,0.052181,-24.145145,203.666,59.32,-3.14,25,6.46,-0.085,K1III,1.176,185.830563,2.53883,-83.309585,0.00002126,0.00005886,-0.00001329,0.01366098,-0.421412286,2.87591E-07,-1.52231E-08,,,Cet,1,253,,94.18895965,,,
254,254,225068,,,,,0.052317,42.747908,162.3377,32.79,-3.84,0,6.73,0.678,A2,0.051,119.201069,1.632794,110.190599,0.0000017,0.00002583,-0.00000222,0.013696457,0.746091737,1.5897E-07,-1.86168E-08,,,And,1,254,,46.64445252,,,
255,255,225076,,,,,0.052977,-24.588258,91.7431,52.44,12.15,0,7.96,3.147,F2/F3V,0.421,83.415941,1.157011,-38.173795,0.00000192,0.00002335,0.00000491,0.013869277,-0.429146063,2.54236E-07,5.89049E-08,,,Cet,1,255,,4.799544249,,,
256,256,236284,,,,,0.053107,54.515774,224.7191,1.26,-28.47,0,9.53,2.772,F0,0.461,130.432066,1.813553,182.983227,0.00002523,0.00000172,-0.000018,0.01390326,0.951479755,6.10865E-09,-1.38026E-07,,,Cas,1,256,,6.779536449,,9.576,9.466
257,257,225077,,,,,0.053537,-31.212384,212.766,18.69,4.06,10.5,8.87,2.23,A0V,0.081,181.950812,2.550422,-110.257916,0.00001108,0.00001943,-0.00000198,0.014016047,-0.544758866,9.06117E-08,1.96834E-08,,,Scl,1,257,,11.16863248,,,
258,258,225073,,,,,0.053698,17.552268,171.5266,58.45,-52.87,0,6.59,0.418,K0,1.122,163.524544,2.299016,51.728256,0.00001257,0.00004878,-0.00004192,0.014058104,0.306344875,2.83374E-07,-2.56321E-07,,,Peg,1,258,,59.26523352,,,
259,259,,,,,,0.053727,48.722294,436.6812,0.05,-18.44,0,8.65,0.449,M0,1.455,288.054151,4.051946,328.175043,0.00002933,0.00000052,-0.00002575,0.014065681,0.85036445,2.42407E-10,-8.93996E-08,,,Cas,1,259,,57.59701813,,,
260,260,225091,,,,,0.054478,-55.40507,166.3894,31.28,7.35,0,9.64,3.534,F2V,0.432,94.46145,1.347427,-136.969528,0.00000452,0.0000253,0.00000337,0.014262335,-0.967000902,1.5165E-07,3.56338E-08,,,Phe,1,260,,3.360469825,,9.703,9.573
